Movie_name,Rating,Votes,Duration,genre
Gladiator II,6.5, (256K),2h 28m,action
Dune: Part Two,8.5, (645K),2h 46m,action
Fight or Flight,6.4, (15K),1h 42m,action
Twisters,6.5, (177K),2h 2m,action
Kraven the Hunter,5.5, (64K),2h 7m,action
Deadpool & Wolverine,7.5, (510K),2h 8m,action
The Ministry of Ungentlemanly Warfare,6.8, (140K),2h 2m,action
Sonic the Hedgehog 3,6.9, (66K),1h 50m,action
Carry-On,6.5, (173K),1h 59m,action
Civil War,7.0, (245K),1h 49m,action
The Beekeeper,6.3, (163K),1h 45m,action
Venom: The Last Dance,6.0, (131K),1h 50m,action
Furiosa: A Mad Max Saga,7.5, (293K),2h 28m,action
Land of Bad,6.6, (53K),1h 53m,action
The Fall Guy,6.8, (228K),2h 6m,action
The Count of Monte-Cristo,7.6, (38K),2h 58m,action
Road House,6.2, (171K),2h 1m,action
Rebel Ridge,6.8, (91K),2h 11m,action
Role Play,5.5, (19K),1h 40m,action
Argylle,5.6, (94K),2h 19m,action
40 Acres,7.0, (566),1h 53m,action
Borderlands,4.7, (51K),1h 41m,action
Transformers One,7.6, (55K),1h 44m,action
Freaky Tales,6.2, (7.6K),1h 47m,action
The Unholy Trinity,6.0, (569),1h 35m,action
The Killer,5.7, (14K),2h 6m,action
Damsel,6.1, (112K),1h 50m,action
Madame Web,4.1, (104K),1h 56m,action
William Tell,5.7, (3.3K),2h 14m,action
The Union,5.4, (54K),1h 47m,action
Bad Boys: Ride or Die,6.5, (103K),1h 55m,action
Dirty Angels,4.4, (4.2K),1h 44m,action
Kingdom of the Planet of the Apes,6.8, (155K),2h 25m,action
The Crow,4.7, (37K),1h 51m,action
Maharaja,8.4, (71K),2h 21m,action
Godzilla x Kong: The New Empire,6.0, (125K),1h 55m,action
Homestead,5.2, (4.2K),1h 52m,action
Absolution,5.2, (9.1K),1h 52m,action
Monkey Man,6.8, (94K),2h 1m,action
Red One,6.3, (143K),2h 3m,action
The Instigators,6.2, (39K),1h 41m,action
The Lord of the Rings: The War of the Rohirrim,6.3, (33K),2h 14m,action
Old Guy,5.2, (3.2K),1h 34m,action
Kung Fu Panda 4,6.3, (71K),1h 34m,action
Drive-Away Dolls,5.4, (24K),1h 24m,action
Elevation,5.6, (24K),1h 31m,action
Survive,4.6, (3.2K),1h 30m,action
The Killer's Game,5.8, (18K),1h 44m,action
Arcadian,5.5, (25K),1h 32m,action
Lift,5.5, (50K),1h 47m,action
Take Cover,5.1, (2.9K),1h 30m,action
Thelma,7.0, (24K),1h 38m,action
Attack on Titan the Movie: The Last Attack,9.1, (18K),2h 25m,action
Beverly Hills Cop: Axel F,6.4, (83K),1h 58m,action
Relay,7.4, (139),1h 52m,action
Blitz,6.2, (17K),2h,action
Uglies,4.7, (34K),1h 40m,action
Apocalypse Z: The Beginning of the End,6.1, (21K),1h 57m,action
Atlas,5.6, (57K),1h 58m,action
Gunner,3.2, (2.9K),1h 46m,action
Pushpa: The Rule - Part 2,6.1, (59K),3h 21m,action
Azrael,5.4, (12K),1h 26m,action
The Prosecutor,6.6, (2.7K),1h 57m,action
Canary Black,5.4, (12K),1h 41m,action
Solo Leveling: ReAwakening,8.8, (14K),2h 1m,action
Under Paris,5.2, (37K),1h 44m,action
Brothers,5.4, (14K),1h 29m,action
Marco,6.7, (23K),2h 25m,action
The Fix,4.7, (1.6K),1h 38m,action
Jackpot!,5.8, (31K),1h 46m,action
Trigger Warning,4.6, (20K),1h 46m,action
Kalki 2898 AD,7.0, (69K),3h,action
Hellboy: The Crooked Man,4.5, (15K),1h 39m,action
The Silent Hour,6.1, (8.4K),1h 39m,action
Night Call,6.7, (2.5K),1h 37m,action
Rebel Moon - Part Two: The Scargiver,5.3, (60K),2h 2m,action
Ghost Killer,6.8, (89),1h 45m,action
The Shadow Strays,6.5, (9.7K),2h 24m,action
11 Rebels,6.3, (740),2h 35m,action
Karma,7.9, (1.5K),2h 47m,action
Boneyard,4.1, (5.2K),1h 36m,action
Uprising,6.6, (6K),2h 6m,action
Elyas,6.1, (1.6K),1h 45m,action
Fighter,6.2, (53K),2h 46m,action
Aavesham,7.8, (29K),2h 35m,action
Devara Part 1,6.0, (21K),2h 56m,action
Amaran,8.1, (20K),2h 47m,action
Weekend in Taipei,5.7, (5.5K),1h 40m,action
Twilight of the Warriors: Walled In,6.9, (10K),2h 6m,action
Descendants: The Rise of Red,4.7, (7.3K),1h 31m,action
Aftermath,5.1, (4.4K),1h 37m,action
Blood Star,6.3, (6.2K),1h 37m,action
Red Right Hand,5.5, (6.1K),1h 51m,action
Werewolves,4.4, (7.7K),1h 33m,action
Baby John,5.1, (18K),2h 39m,action
Ultraman: Rising,6.9, (6.7K),1h 57m,action
Dan Da Dan: First Encounter,8.2, (3K),1h 23m,action
Watchmen: Chapter I,7.1, (7.1K),1h 23m,action
Escape from the 21st Century,6.4, (1K),1h 38m,action
I Am What I Am 2,7.5, (389),2h 14m,action
My Spy: The Eternal City,5.7, (11K),1h 52m,action
Demon Slayer: Kimetsu No Yaiba - To the Hashira Training,7.2, (8.8K),1h 44m,action
Saripodhaa Sanivaaram,7.0, (10K),2h 46m,action
The Quiet Ones,6.1, (1.1K),1h 50m,action
Justice League: Crisis on Infinite Earths - Part One,6.2, (8.8K),1h 33m,action
Cash Out,4.8, (3.2K),1h 32m,action
Justice League: Crisis on Infinite Earths - Part Three,6.0, (4.8K),1h 34m,action
The Family Star,5.4, (5.6K),2h 39m,action
Stand Your Ground,4.6, (355),1h 39m,action
Damaged,4.7, (7.6K),1h 37m,action
Singham Again,4.7, (75K),2h 24m,action
Chief of Station,4.7, (4.8K),1h 37m,action
Utopia,3.7, (439),1h 31m,action
Paradox Effect,5.8, (9.6K),1h 27m,action
Badland Hunters,5.9, (13K),1h 47m,action
Code 8: Part II,5.7, (16K),1h 40m,action
Armor,3.6, (4.6K),1h 29m,action
Officer Black Belt,6.9, (8.8K),1h 48m,action
Justice League: Crisis on Infinite Earths - Part Two,5.5, (5.6K),1h 34m,action
Chandu Champion,7.8, (35K),2h 22m,action
Revolver,5.4, (928),1h 54m,action
Cloud,6.3, (1.6K),2h 4m,action
Duchess,4.6, (1.6K),1h 54m,action
My Hero Academia: You're Next,6.9, (2.7K),1h 50m,action
Watchmen: Chapter II,7.1, (3.5K),1h 30m,action
Agni,7.2, (15K),2h 2m,action
Striking Rescue,5.6, (703),1h 51m,action
Drive Back,4.5, (656),1h 34m,action
Thangalaan,6.5, (6.8K),2h 36m,action
The Thundermans Return,5.0, (1.9K),1h 10m,action
Alien: Rubicon,2.4, (474),1h 26m,action
Cells at Work!,6.7, (929),1h 49m,action
A.R.M,7.1, (9K),2h 30m,action
Matka,4.7, (608),2h 36m,action
The Twisters,2.6, (430),1h 26m,action
Wynonna Earp: Vengeance,5.5, (1.7K),1h 36m,action
Long Gone Heroes,5.1, (1.3K),1h 41m,action
Dominique,5.3, (2.4K),1h 40m,action
Prey,3.7, (3.5K),1h 26m,action
Sasan,8.8, (90),2h 35m,action
Agent Recon,2.4, (758),1h 25m,action
Life After Fighting,6.4, (2.2K),2h 6m,action
No Way Up,4.6, (11K),1h 30m,action
Trouble,6.2, (7.2K),1h 38m,action
Vedaa,6.0, (4.5K),2h 25m,action
The Courier,6.0, (4.6K),1h 41m,action
Toofan,7.3, (8.8K),2h 25m,action
One Fast Move,5.0, (2.3K),1h 48m,action
Everybody Loves Jenifa,8.3, (98),2h 15m,action
Baby Assassins: Nice Days,7.2, (361),1h 43m,action
Bougainvillea,6.4, (3.4K),2h 18m,action
Classified,3.7, (2.8K),1h 45m,action
The Roundup: Punishment,6.6, (5.7K),1h 49m,action
Bagheera,6.7, (7.7K),2h 38m,action
River of Blood,5.0, (2K),1h 26m,action
Hitpig,5.1, (1.1K),1h 26m,action
Latency,4.2, (3K),1h 34m,action
The Last Front,5.5, (640),1h 38m,action
The Greatest of All Time,5.7, (23K),3h 3m,action
Guntur Kaaram,5.4, (25K),2h 39m,action
One More Shot,5.4, (3.8K),1h 43m,action
Hagen,6.1, (1.4K),2h 19m,action
Big City Greens the Movie: Spacecation,6.2, (588),1h 23m,action
Pani,6.9, (3.4K),2h 23m,action
Kill Em All 2,4.1, (1.4K),1h 28m,action
Raayan,6.5, (11K),2h 25m,action
Harbin,6.2, (991),1h 48m,action
Sikandar Ka Muqaddar,5.9, (25K),2h 22m,action
Kanguva,4.5, (15K),2h 32m,action
Invasion,4.8, (755),1h 31m,action
The Price of Money: A Largo Winch Adventure,5.1, (1.3K),1h 40m,action
Martin,2.2, (36K),2h 27m,action
Despatch,4.4, (4.5K),2h 33m,action
Escape,6.4, (2.2K),1h 34m,action
Levels,5.0, (1.6K),1h 33m,action
Pins & Needles,6.8, (24),1h 35m,action
The Clean Up Crew,4.2, (1.3K),1h 35m,action
Khadaan,7.0, (2.2K),2h 17m,action
Shark Warning,3.5, (377),1h 34m,action
Viduthalai Part 2,7.8, (17K),2h 50m,action
Por,5.1, (627),2h 34m,action
Rifle Club,7.0, (4.6K),1h 53m,action
Bureau 749,3.9, (584),2h 3m,action
Gandhi 3,5.7, (247),2h 23m,action
Shoutai,6.8, (712),2h,action
Devil's Knight,5.3, (966),1h 30m,action
Hounds of War,4.5, (2K),1h 35m,action
Overlord: The Sacred Kingdom,6.9, (1.5K),2h 15m,action
The Waves of Madness,5.8, (112),1h 8m,action
Handsome Guys,6.5, (978),1h 41m,action
Mafia Wars,3.6, (292),1h 38m,action
Baby Invasion,4.6, (590),1h 20m,action
Article 370,7.8, (25K),2h 38m,action
Bachhala Malli,8.2, (4K),2h 20m,action
In the Fire of War,7.1, (211),1h 55m,action
Je Jatt Vigarh Gya,5.6, (836),2h 12m,action
DNA,5.1, (218),2h 36m,action
Bidurbhai,9.2, (414),2h 28m,action
Anaconda,4.9, (674),1h 24m,action
Rats!,6.5, (216),1h 25m,action
Megamind vs. The Doom Syndicate,2.5, (5.7K),1h 23m,action
Darkness of Man,4.7, (3.3K),1h 49m,action
Lights Out,4.9, (1.9K),1h 30m,action
Spiders on a Plane,4.7, (402),1h 18m,action
Eye for an Eye 2,6.6, (555),1h 30m,action
Fighting the Fire,8.2, (1.7K),1h 55m,action
Dark Match,5.4, (1.2K),1h 34m,action
Air Force One Down,4.4, (3K),1h 24m,action
Uninvited,5.6, (343),1h 33m,action
Peter Five Eight,3.5, (1.1K),1h 40m,action
Sons of Rizk 3,6.6, (1.8K),2h 5m,action
Bade Miyan Chote Miyan,3.8, (39K),2h 43m,action
City Hunter,6.3, (5.8K),1h 42m,action
Yodha,5.7, (9K),2h 10m,action
Where Is Gilgamesh?,8.9, (640),1h 30m,action
The Tiger's Apprentice,5.8, (2.3K),1h 24m,action
Murder Company,3.6, (1.6K),1h 26m,action
The Wages of Fear,4.6, (4.2K),1h 44m,action
S.T.A.L.K.E.R.: Shadow of the Zone,4.8, (643),1h 11m,action
Golden Kamuy,6.3, (2.7K),2h 7m,action
Kuang Bao Ju Xi,5.6, (86),1h 15m,action
Kallu Compound 1995,7.9, (2K),2h 20m,action
How to Rob a Bank,6.6, (4.3K),1h 28m,action
Terminator: Skynet Rising,6.7, (283),1h 28m,action
Yudhra,4.9, (13K),2h 22m,action
Continental Split,3.5, (571),1h 28m,action
The Ballad of Davy Crockett,4.6, (265),1h 36m,action
The Last Kumite,4.6, (2.4K),1h 45m,action
Sunray: Fallen Soldier,4.3, (705),1h 55m,action
Hanu Man,7.7, (29K),2h 38m,action
A Legend,4.7, (1K),2h 9m,action
War of the Worlds: Extinction,3.0, (218),1h 24m,action
Mobile Suit Gundam SEED Freedom,6.6, (986),2h 4m,action
Snow White and the Seven Samurai,3.2, (315),1h 28m,action
Panda Plan,5.1, (1.6K),1h 39m,action
24 Hours to D-Day,3.5, (85),1h 23m,action
Troubleshooters,6.4, (436),1h 50m,action
Jigra,6.0, (24K),2h 33m,action
Kizumonogatari: Koyomi Vamp,7.0, (111),2h 24m,action
Black Heat,8.2, (138),1h 33m,action
Crisis Negotiators,6.7, (752),2h,action
Sikaar,8.3, (688),2h 30m,action
Hunt the Wicked,5.4, (183),1h 42m,action
Die Hart 2: Die Harter,4.3, (5.6K),1h 32m,action
Shekko,5.9, (616),2h,action
Vettaiyan,6.9, (40K),2h 43m,action
Vanvaas,6.6, (1.5K),2h 40m,action
"I, the Executioner",6.3, (2K),1h 58m,action
The Last Stand of Ellen Cole,7.0, (85),1h 37m,action
Angels Fallen: Warriors of Peace,4.9, (6.4K),1h 43m,action
Operation Blood Hunt,3.4, (526),1h 33m,action
KA,7.0, (1.7K),2h 31m,action
Operation Valentine,5.3, (1.4K),2h 13m,action
Max,7.1, (3.5K),2h 12m,action
Freedom,5.9, (1.5K),1h 50m,action
Tillu Square,6.6, (3.5K),2h 17m,action
Siren,6.4, (3K),2h 34m,action
Rogue Elements: A Ryan Drake Story,4.3, (1.1K),44m,action
72 Hours,4.0, (338),1h 27m,action
Ayalaan,5.9, (4K),2h 35m,action
Kingdom 4: Return of the Great General,7.1, (1.4K),2h 25m,action
Bangkok Dog,4.8, (246),1h 25m,action
Death Whisperer 2,6.3, (1.5K),1h 50m,action
Hijack 1971,6.8, (3.5K),1h 40m,action
Auron Mein Kahan Dum Tha,6.4, (41K),2h 30m,action
Sixty Minutes,5.7, (5.3K),1h 28m,action
Mura,7.2, (6.4K),2h 9m,action
Alien Country,4.5, (410),1h 36m,action
Double Ismart,2.9, (2.2K),2h 36m,action
The Dragon's Tomb,6.7, (55),1h 17m,action
Go for Broke,5.7, (287),1h 55m,action
Bohurupi,7.9, (1.7K),2h 35m,action
Razakar: The Silent Genocide of Hyderabad,7.3, (5.3K),2h 46m,action
200% Wolf,5.9, (1.3K),1h 38m,action
Lal Salaam,4.5, (1.5K),2h 30m,action
Savi,6.1, (35K),2h 6m,action
Wanted Man,4.8, (2.6K),1h 25m,action
Ryan's World the Movie: Titan Universe Adventure,1.8, (735),1h 20m,action
Don't Mess with Grandma,5.5, (295),1h 21m,action
Fight for Tomorrow,6.6, (24),1h 41m,action
Seeds,5.0, (232),1h 22m,action
Garudan,7.1, (3.4K),2h 13m,action
UI,6.8, (5.8K),2h 15m,action
Baki Hanma VS Kengan Ashura,5.7, (2K),1h 2m,action
Mongol,8.6, (109),2h 35m,action
Eagle,5.9, (5K),2h 39m,action
Yolo,6.9, (3.9K),2h 9m,action
Yuva,5.7, (851),2h 33m,action
Outlaw,5.2, (974),1h 22m,action
First Nights at Freddy's,9.4, (19),1h 38m,action
Alienoid: The Return to the Future,6.5, (2.8K),2h 2m,action
Bhaje Vaayu Vegam,6.1, (771),2h 16m,action
Fluxx,6.0, (124),1h 40m,action
The Lockdown,4.3, (630),1h 57m,action
Six jours,5.7, (270),1h 35m,action
Gladiators,4.4, (117),1h 35m,action
The Kingdom,7.0, (152),2h 13m,action
Purushothamudu,5.4, (2.7K),2h,action
Get Fast,3.7, (489),1h 28m,action
Captain Miller,6.9, (12K),2h 37m,action
Operation: Raqqa,5.6, (307),1h 47m,action
Sorgavaasal,6.6, (1.4K),2h 18m,action
Mathu Vadalara 2,7.0, (1.8K),2h 19m,action
Alangu,8.0, (1.3K),2h 11m,action
Cesium Fallout,6.3, (900),2h 15m,action
Heart of the Hunter,4.7, (2.2K),1h 45m,action
Joe Baby,5.2, (107),1h 26m,action
Kondal,5.3, (801),2h 27m,action
Son's Will,7.4, (1.1K),2h 28m,action
High Forces,5.8, (588),1h 59m,action
Second Life,6.8, (60),1h 45m,action
Athhoi,7.3, (236),2h 38m,action
Guy Manley: Super Spy,4.1, (163),1h 32m,action
Nice Girls,4.2, (1.2K),1h 32m,action
The Hangman,3.3, (1K),1h 32m,action
Mr. Bachchan,3.6, (5.3K),2h 30m,action
Bionic,4.3, (1.8K),1h 50m,action
All the Lost Ones,3.6, (273),1h 46m,action
Mission: Cross,6.1, (2.7K),1h 45m,action
Operation Undead,4.7, (441),1h 50m,action
Weapon,5.5, (5.9K),2h,action
Harom Hara,6.6, (3.1K),2h 34m,action
GTMax,5.0, (1.3K),1h 40m,action
Fight Another Day,4.6, (380),1h 37m,action
Bastar: The Naxal Story,6.4, (3.3K),2h 4m,action
No Time to Spy: A Loud House Movie,6.3, (504),1h 21m,action
Ferry 2,5.6, (4K),1h 34m,action
Zero,5.9, (83),1h 28m,action
Devaki Nandana Vasudeva,6.5, (2.8K),2h 8m,action
Rathnam,5.4, (3.7K),2h 35m,action
Turbo,5.9, (3.7K),2h 35m,action
They Call Her Death,5.4, (210),1h 32m,action
Naa Saami Ranga,4.5, (1.2K),2h 30m,action
12 to Midnight,3.6, (300),1h 36m,action
Rendel: Cycle of Revenge,3.6, (254),1h 39m,action
Arena Wars,5.2, (2.8K),1h 36m,action
Dharmarakshak Mahaveer Chhatrapati Sambhaji Maharaj,8.2, (673),2h 54m,action
"Love, Courage and the Battle of Bushy Run",5.0, (195),1h 53m,action
Crakk: Jeetega... Toh Jiyegaa,4.7, (6.5K),2h 34m,action
Cassino in Ischia,4.4, (268),1h 53m,action
Sheriff,6.9, (1.2K),2h 13m,action
Roadkill,3.7, (696),1h 30m,action
The Friendly,9.0, (29),1h 41m,action
Thundu,5.0, (925),2h 5m,action
Hellhound,4.3, (530),1h 43m,action
Witch Hunter,4.6, (27),1h 20m,action
Bhaiyya Ji,4.8, (7.4K),2h 30m,action
Ghosts of Red Ridge,3.2, (182),1h 21m,action
Mechanic Rocky,6.4, (3.5K),2h 36m,action
Sucha Soorma,6.4, (957),2h 16m,action
Deaner '89,5.9, (461),1h 30m,action
Exorcism Chronicles: The Beginning,6.4, (134),1h 25m,action
Bangkok Breaking: Heaven and Hell,5.8, (702),2h 26m,action
American Warrior,8.5, (25),1h 29m,action
Kahar: Kapla High Council,7.1, (511),1h 42m,action
Pusaka,5.2, (198),1h 30m,action
Ruslaan,3.3, (1.3K),2h,action
Ajay Gadu,6.3, (1.4K),1h 48m,action
Taken from Rio Bravo,3.0, (330),1h 20m,action
Hotspring Sharkattack,6.0, (43),1h 10m,action
Road Wars: Max Fury,2.0, (369),1h 23m,action
E-mail,5.3, (808),1h 59m,action
Gatao: Like Father Like Son,5.7, (262),2h 11m,action
Zebra,7.2, (3.2K),2h 44m,action
Barroz: Guardian of Treasures,3.4, (1.1K),2h 35m,action
El Duro,4.7, (17),1h 30m,action
The Traveller,5.2, (215),2h 14m,action
Dirty Money,5.6, (198),1h 40m,action
Pottel,8.0, (2.8K),2h 28m,action
Conquer: Lahad Datu,6.6, (549),2h,action
12 Gaun,6.6, (962),2h 27m,action
The Mick and the Trick,4.8, (84),1h 36m,action
The Wolf,3.5, (40),1h 27m,action
Clone Cops,5.8, (327),1h 36m,action
Mahadev Ka Gorakhpur,7.4, (406),2h 11m,action
Snatched,6.0, (534),1h 41m,action
Mazhai Pidikatha Manithan,4.5, (429),2h 13m,action
Bheema,5.7, (974),2h 28m,action
Hunting with Tigers,5.6, (564),1h 49m,action
Lady Scorpions,3.6, (377),1h 41m,action
Hitler,5.2, (316),2h 8m,action
Viswam,4.2, (655),2h 35m,action
Bloody Beggar,6.2, (4.4K),2h 14m,action
Warning 2,7.1, (902),2h 5m,action
Ugravatara,8.4, (853),2h 2m,action
The Last Ronin,4.9, (597),1h 55m,action
Saindhav,5.0, (1.6K),2h 18m,action
Stranded Pearl,5.7, (29),1h 30m,action
Non Negotiable,5.4, (1.2K),1h 27m,action
Bhimaa,5.1, (1.2K),2h 21m,action
Pimpinero: Blood and Oil,5.6, (579),2h 1m,action
School of Magical Animals 3,5.7, (355),1h 45m,action
Top Floor,5.9, (62),1h 14m,action
Lorry Chapter-1,6.2, (2.8K),3h 3m,action
The Lost Tiger,7.4, (58),1h 30m,action
Citizen of a Kind,6.6, (915),1h 54m,action
Blade of Fury,6.2, (141),1h 30m,action
The Firefighters,5.7, (258),1h 46m,action
Inanimate Insanity II: The Movie,8.2, (249),1h 46m,action
Bull Shark 2,2.8, (213),1h 15m,action
6 Hours Away,4.0, (257),1h 33m,action
The Plot,4.8, (405),1h 40m,action
Chaari 111,4.8, (269),2h 10m,action
Drive,5.6, (365),1h 30m,action
Framed,2.6, (122),Not Rated,action
Echo 8,6.0, (1.3K),1h 35m,action
Gangs of Godavari,4.9, (920),2h 45m,action
Dange,5.3, (808),2h 34m,action
WWII: Operation Phoenix,5.7, (101),1h 46m,action
Agents,3.3, (952),1h 22m,action
Shark Island,3.1, (131),1h 21m,action
The Last of Us: Immunity,4.4, (31),1h 4m,action
Rode College,6.5, (438),2h 48m,action
Anchakkallakokkan,6.6, (1K),2h 6m,action
Lie Zhan,6.5, (84),1h 33m,action
The Bodyguard,6.6, (37),1h 27m,action
Customs Frontline,5.5, (542),1h 55m,action
Kali,5.2, (425),1h 36m,action
Midas,4.6, (348),1h 25m,action
Art of Eight Limbs,4.0, (328),1h 41m,action
Virunnu,4.0, (952),2h 5m,action
Samandar,7.7, (143),2h 52m,action
I Heart Robots,4.5, (2.4K),1h 16m,action
Bad Boyz,3.1, (742),2h 30m,action
Rajakili,5.1, (621),2h 2m,action
Chhota Bheem and the Curse of Damyaan,4.8, (2.3K),2h 25m,action
Mani nude,6.6, (59),1h 24m,action
Malayalee from India,5.6, (5.1K),2h 40m,action
Marni: The Story of Wewe Gombel,5.8, (232),1h 59m,action
Game On,5.2, (2.3K),2h 20m,action
Touchdown,6.8, (14),1h 18m,action
The Grey Men,6.4, (75),1h 37m,action
Vixen,5.3, (347),1h 28m,action
Lisabi: The Uprising,5.2, (142),1h 47m,action
Appu,8.1, (189),1h 32m,action
Honeko Akabane's Bodyguards,6.1, (48),1h 57m,action
Stuntman,6.9, (211),1h 54m,action
Nothing Even Matters,5.8, (84),1h 30m,action
Kung Fu Games,3.3, (393),1h 38m,action
Red vs. Blue: Restoration,5.6, (145),1h 25m,action
Ship of the Damned,2.8, (311),1h 28m,action
Malaikottai Vaaliban,6.0, (4.2K),2h 36m,action
Paradise,6.9, (83),1h 23m,action
Tòkunbò,3.9, (300),1h 53m,action
The Day Everything Changed,8.0, (80),1h 37m,action
Mummy Shark,2.0, (196),1h 6m,action
The Charisma Killers,6.0, (666),1h 41m,action
Villain - Life of a Gangster,8.7, (168),2h 21m,action
Serra das Almas,5.4, (50),2h,action
Alpha.,6.9, (276),1h 40m,action
Dragon Ball Z Kai,8.6, (92),1h 22m,action
The Actor,3.4, (738),2h 8m,action
Appudo Ippudo Eppudo,4.7, (237),2h,action
Anunnakiler,2.5, (474),1h 16m,action
Major Grom: The Game,6.1, (1.9K),2h 48m,action
(Pri)sons,5.0, (296),1h 40m,action
Sector 17,5.4, (1.3K),2h 26m,action
The Infallibles,4.8, (786),1h 39m,action
Kill Craft,2.5, (376),1h 39m,action
My Fathers' Daughter,6.5, (84),1h 18m,action
The Miranda Brothers,4.4, (192),1h 39m,action
Mutant,4.3, (118),1h 30m,action
Sabari,6.5, (5.4K),2h 9m,action
The Captives,3.4, (69),1h 13m,action
Ballistic,2.2, (165),1h 35m,action
The Heist,6.9, (2K),2h,action
Zenithal,4.9, (110),1h 20m,action
Mirza: Part 1 - Joker,6.8, (243),2h 45m,action
Big Rage,3.6, (175),1h 55m,action
Clownface 3,9.5, (41),1h 44m,action
Naag Bhoomi,5.7, (9),2h 10m,action
Buying Time,6.5, (506),1h 24m,action
Premalo,7.3, (1.1K),2h 8m,action
Prepare to Die,4.5, (245),1h 33m,action
Reloaded 2,7.5, (1.2K),45m,action
The Epidemic,5.9, (71),1h 35m,action
Sous écrous,5.6, (103),1h 51m,action
UmroAyyar - A New Beginning,7.0, (682),2h 15m,action
My Redneck Neighbor: Chapter 2 - Let the Games Begin,5.7, (11),55m,action
Mission: Chapter 1,5.9, (1.7K),2h 24m,action
Dünya Mali: Eksi Bir,7.2, (18),2h 13m,action
Taklee Genesis x Worlds Collide,5.4, (433),2h 26m,action
The Wild Blade of Strangers,6.2, (118),1h 42m,action
Ape X Mecha Ape: New World Order,2.9, (150),1h 27m,action
Texas Twister,2.5, (161),1h 28m,action
The Moon Thieves,6.0, (295),1h 48m,action
Rang De Basanti,6.8, (179),2h 54m,action
Desperado,6.0, (154),1h 40m,action
Nine-Ring Golden Dagger,5.0, (31),1h 34m,action
Thiragabadara Saami,3.9, (120),1h 55m,action
Babu,7.2, (189),2h 22m,action
Genis Aile 4: Cevahir & Ulvi,4.7, (279),1h 30m,action
Hit List,5.5, (316),2h 5m,action
Usha Parinayam,9.0, (2.1K),2h 24m,action
Election,5.8, (807),2h,action
Andromeda: 1883,4.0, (19),1h 15m,action
Black Storm,6.6, (72),1h 37m,action
Love You to Debt,6.3, (774),2h 15m,action
Spirit Riser,6.6, (39),1h 38m,action
The Bouncer,4.1, (101),1h 18m,action
Crosspoint,6.6, (59),1h 40m,action
September Babies,5.5, (296),1h 34m,action
Shu Si Yi Bo,6.7, (39),1h 31m,action
Fyre Rises,6.1, (327),1h 50m,action
The Last Chainsaw Massacre,3.7, (43),1h 15m,action
Nu Huo 12 Xiao Shi,6.1, (56),1h 26m,action
Death Game,6.3, (26),1h 28m,action
Supplier Shankara,9.3, (73),2h 43m,action
Bloody Escape: Bats out of Hell,5.4, (60),1h 40m,action
Aserb: The Squadron,5.2, (329),2h,action
Breaking and Re-entering,5.8, (463),1h 49m,action
Return to the Ring,5.3, (753),1h 46m,action
Saala,5.6, (1.1K),2h 10m,action
Transformers Prime: Galavatron's Revenge,4.4, (17),1h 44m,action
Neo-Dome,6.0, (19),15m,action
Checkmate,4.3, (400),1h 44m,action
Jorge da Capadócia,5.9, (164),1h 59m,action
Camp Blood: Clown Shark,3.2, (94),1h 10m,action
Purushothamudu,8.0, (22),2h,action
Dark Fusion,8.5, (241),1h 30m,action
Kadakan,3.9, (115),2h 8m,action
Sayen: The Huntress,4.4, (263),1h 28m,action
Next to Us,4.8, (229),2h 5m,action
Bandaa Singh Chaudhary,6.0, (5.3K),1h 53m,action
Hakkenden,5.9, (82),2h 29m,action
The Slave and the Sorcerer,6.5, (47),1h 26m,action
Iravinil Aatam Par,3.3, (154),1h 58m,action
Star Abyss,3.8, (268),1h 26m,action
Rob N Roll,6.1, (1.5K),1h 38m,action
Buddy,3.8, (359),2h 17m,action
Bonnie,7.2, (46),2h,action
Oru Anveshanathinte Thudakkam,6.9, (835),3h 1m,action
Average Student Nani,7.4, (2.3K),2h 18m,action
The Experts,6.2, (307),2h 1m,action
Young Lion of the West,5.3, (110),1h 33m,action
Bloodline,9.2, (50),1h 20m,action
Hrashwo Deergha,7.5, (107),2h 30m,action
Sumaho o otoshita dake na no ni: Saishusho Final Hacking Game,6.7, (29),1h 56m,action
Kiyma: Orman Kanunlari,3.9, (43),1h 21m,action
Tariq,6.2, (18),2h 2m,action
Memes & Nightmares,5.7, (92),1h 21m,action
The Omicron Killer,2.9, (599),1h 38m,action
London Gangsters,4.6, (12),1h 44m,action
Aho Vikramaarka,7.2, (63),2h 16m,action
Shadows of Betrayal: Chronicles of Ian Blair,7.5, (14),1h 5m,action
The Alexandrian,3.8, (276),1h 44m,action
Tales Beyond the Galaxy,4.5, (186),1h 16m,action
The Unbreakable Bunch,7.3, (35),1h 25m,action
Mega Twister,2.7, (61),1h 15m,action
Kamen Rider 555 20th: Paradise Regained,5.8, (151),1h 5m,action
Gravediggers,6.0, (34),1h 31m,action
Sentimentaaal,4.9, (991),2h 15m,action
Soodhu Kavvum 2: Naatum Naatu Makkalum,3.8, (216),2h 9m,action
The Desperate Chase,5.7, (75),1h 50m,action
Diabel,5.1, (303),1h 48m,action
Neon Fear,5.7, (600),40m,action
What Happens in Miami,4.2, (221),1h 30m,action
The Burden of Nine Lives,5.1, (118),1h 56m,action
Captain Avispa,5.7, (181),1h 36m,action
Gone with the Dead,4.1, (53),1h 36m,action
Formed Police Unit,4.7, (1.4K),2h,action
Warrior Awang and Master Tok Gajah,4.6, (484),1h 58m,action
The Worlds Divide,7.9, (40),2h,action
Türkler Çildirmis Olmali 2: Mavi Vatan,2.1, (168),1h 40m,action
Gold Raiders,2.0, (194),1h 28m,action
Sarangadhariya,8.3, (3.1K),2h 30m,action
Petta Rap,3.9, (1.7K),2h 3m,action
Itutumba ka ng tatay ko,5.0, (74),1h 49m,action
The Circuit 4: Faith Fighter,4.4, (93),1h 30m,action
Correr para Vivir,6.9, (207),1h 37m,action
Special Needs Revolt!,8.5, (16),1h 53m,action
Jathara,7.8, (1.1K),2h 9m,action
Jacob Tyler,4.1, (65),2h 13m,action
Kaalapatthar,6.2, (1K),1h 53m,action
Bond of Justice: Kizuna Part I - Encounter,5.6, (20),1h 32m,action
Hide and Seek,8.0, (55),2h 10m,action
Saint Young Men: Holy Men vs Demon Army,3.2, (16),1h 33m,action
Komandir,6.3, (538),2h 11m,action
Rock 'N' Roll Ringo,6.1, (66),1h 41m,action
"Silex and the City, le film",4.9, (56),1h 17m,action
Joachim and the Apocalypse,7.7, (17),1h 30m,action
Bhairadevi,8.6, (52),2h 14m,action
Waspzilla,4.3, (141),1h 20m,action
Gam Gam Ganesha,5.3, (316),2h 20m,action
Pariah Volume 1: Every Street Dog Has a Name,6.8, (393),2h 18m,action
Raanti,6.8, (1.1K),1h 55m,action
Mercy Killing,8.7, (2.7K),2h 11m,action
Bonus Trip,4.5, (233),1h 53m,action
Permafrost,5.7, (115),1h 20m,action
In Tenebras: Into the Darkness,2.7, (178),1h 30m,action
Iron Fighter,3.6, (66),1h 20m,action
Nintama Rantaro Dokutake Ninja-tai Saikyou no Gunshi,7.1, (41),1h 30m,action
The Evil Three,6.5, (1K),30m,action
Sunfall,2.4, (48),1h 14m,action
Panjab Files,7.5, (37),1h 57m,action
Hell City,9.1, (28),1h 30m,action
The Escapee 3: The Final Escape,2.7, (70),1h 23m,action
Indrani: Epic-1 Dharam vs Karam,7.6, (1.1K),2h 37m,action
The Vampire and the Vigilante,3.6, (54),1h 15m,action
Roxana,4.0, (69),1h 38m,action
Tokusou Sentai Dekaranger 20th: Fireball Booster,7.1, (38),50m,action
Timini,8.4, (8),2h,action
Operation Wakaliga: Fate and Blood,6.7, (12),1h 6m,action
Timuchin,5.9, (33),1h 18m,action
Polar,4.3, (30),1h 16m,action
SCP: The Infinite Mission,6.0, (35),16+,action
Thankamani,4.6, (234),2h 36m,action
Youth in Trouble,7.8, (28),1h 46m,action
Raktaksha,7.9, (1.4K),1h 58m,action
Kamen Rider Gotchard: The Future Daybreak,7.9, (79),1h 3m,action
South Side Hero,5.6, (38),1h 32m,action
Emanet,7.7, (32),1h 37m,action
Di Renjie: Duo Ming Yao Seng,6.9, (61),1h 20m,action
Death Bitch,7.3, (22),1h 28m,action
The Drunken Prodigy,5.6, (18),1h 47m,action
Raju Gari Ammayi Naidu Gari Abbayi,8.1, (3.1K),2h 38m,action
Telekinesis,5.8, (63),1h 46m,action
Daanvi,1.5, (9),1h 57m,action
Ame no naka no yokujô,5.9, (88),2h 12m,action
Chasing Raine,2.3, (188),1h 41m,action
Kamen Rider Geats: Jyamato Awaking,7.9, (81),54m,action
Holy Punch,5.2, (50),1h 38m,action
Yao Shen Ling,6.7, (70),1h 33m,action
Spider-Man: Final Swing,7.9, (11),2h 33m,action
Rebel,3.2, (66),1h 40m,action
Rocky and Bullwinkle,8.6, (17),1h 40m,action
Yakuza Girl,2.2, (69),1h 22m,action
Guns Blazin,7.1, (10),1h 28m,action
Abudeka Is Back,5.4, (44),2h,action
Tiger's Trigger,4.1, (19),1h 24m,action
Cholo Zombies,4.5, (107),1h 36m,action
Wonderful Precure! The Movie! Doki Doki Game no Sekai de Daiboken,6.6, (38),1h 11m,action
Fuuto PI: Portrait of Kamen Rider Skull,7.3, (52),1h 22m,action
Kade,6.3, (18),1h 32m,action
Joshua: Imai Pol Kaka,4.5, (591),2h 10m,action
Brattt,4.7, (68),1h 57m,action
How to Make a Werewolf,5.7, (145),16+,action
Mobile Suit Gundam: Silver Phantom,6.1, (13),1h 30m,action
Di Renjie: Tongtian xuan an,7.1, (19),1h 25m,action
Krishnamma,6.2, (370),2h 18m,action
Re Xue Ran Shao,7.3, (57),1h 53m,action
Speed 220,5.8, (1.2K),1h 54m,action
Cândido,6.3, (64),1h 39m,action
Love You as the World Ends Final,6.5, (42),1h 55m,action
Champions of the Golden Valley,9.2, (78),1h 21m,action
Die Chaosschwestern und Pinguin Paul,5.6, (74),1h 40m,action
Dead Hand,4.1, (75),1h 32m,action
Jithender Reddy,7.7, (2.4K),2h 16m,action
Agastya - Chapter 1,6.6, (630),2h 48m,action
Zoloto Umalty,4.9, (114),1h 49m,action
Ameena,6.3, (20),1h 47m,action
The SML YTP Movie 2: Dimension Trouble,8.6, (15),1h 34m,action
Hope & Glory,6.6, (149),44m,action
Firework,6.1, (13),1h,action
Mavr,6.3, (10),1h 23m,action
Jigar,6.9, (20),2h 2m,action
The Yoshi Movie,7.9, (14),1h 45m,action
Ultraman Blazar the Movie: Tokyo Kaiju Showdown,7.4, (96),1h 15m,action
Shockwaves 2,2.9, (152),1h 19m,action
Roudhra Rupaya,7.2, (2K),2h 12m,action
Losing Lerato 2,9.0, (34),1h 36m,action
Bato: Road to Death,5.4, (777),2h 17m,action
Dreams,6.1, (11),1h 46m,action
Chinatown Chacha,5.0, (60),1h 43m,action
Dheera,7.9, (1.3K),2h 3m,action
Dr. Jason II - Lights & Shadows,4.9, (331),1h 2m,action
Revenge,1.8, (47),2h 7m,action
Bullet,8.9, (570),2h 11m,action
Achilles Curse and the Curse of Treasure,7.5, (26),2h 5m,action
Agent 86,6.7, (6),1h 27m,action
Hocus Focus,7.9, (20),1h 25m,action
Seven Heroes Beat the Monster,6.8, (51),1h 29m,action
Sith Wars: Episódio III - Fantasmas Dos Sith,8.9, (158),1h 39m,action
The Very Last Christmas,8.6, (12),1h 15m,action
Marine Drive,9.5, (50),1h 45m,action
Codename: Devil,6.0, (10),1h 44m,action
Killer Ex,3.9, (55),1h 34m,action
Zhi Bao,5.4, (20),1h 40m,action
The Mystery of Humanoid Puppet,6.7, (61),1h 28m,action
Death Game,5.5, (18),1h 27m,action
Mother Mafia,3.6, (53),1h 20m,action
Dark World,4.9, (19),2h 15m,action
The ShortCut,7.7, (1.8K),2h 18m,action
Jimmy's Friends,7.1, (14),1h 34m,action
Feng Zi Lao Ba,4.3, (6),1h 25m,action
Gally Gang Stars,8.9, (2K),2h 37m,action
AK47,7.2, (15),2h 26m,action
Breaking Tradition,6.5, (28),1h 27m,action
Halloween: Mal Eterno,8.2, (231),50m,action
War of the Ninja Monsters: Jaron vs Goura,4.0, (6),55m,action
The Journey of Flower,4.0, (29),1h 37m,action
Heavens: The Boy and His Robot,5.9, (24),1h 38m,action
Los Hijos De Camelia y Emilio,6.6, (39),1h 22m,action
Fights Break Sphere 3,5.0, (11),1h 21m,action
Inkabi,4.8, (84),1h 41m,action
Shri Swapankumarer Badami Hyenar Kobole,5.6, (332),2h 26m,action
Rebirth Island,7.7, (57),1h 43m,action
The Bottom Line,6.7, (14),1h 47m,action
Seetha Kalyana Vaibhogame,8.5, (2K),2h 26m,action
Charlotte Link - Ohne Schuld,5.5, (43),1h 29m,action
Isle: Alpha One,8.7, (8),1h 37m,action
Pranaya Godari,7.8, (2.4K),2h 28m,action
Operation Star,7.8, (25),1h 42m,action
S-99,8.6, (2.1K),1h 59m,action
The Captive,6.9, (61),1h 14m,action
Be Forever Yamato: Rebel 3199: Part 1: Dark Invasion,7.5, (11),50m,action
Hain,2.9, (51),1h 35m,action
Jurassic Exorcist,4.3, (24),1h 16m,action
Kreem,6.8, (130),1h 55m,action
Usire Usire,7.5, (1.1K),2h 31m,action
Mirg,6.1, (36),1h 23m,action
Useful Idiots,8.3, (19),1h 32m,action
Karma,4.4, (50),1h 51m,action
Dheera Bhagat Roy,8.4, (1.1K),2h 30m,action
Crypto Storm,4.8, (36),1h 41m,action
Zeke,6.6, (10),50m,action
Played,6.2, (11),1h 36m,action
Cholay,8.7, (112),1h,action
Opportunity,8.9, (91),1h 36m,action
Haraa,5.2, (2.9K),2h 16m,action
Passazhiry,4.4, (33),1h 20m,action
Surrender,7.8, (15),2h 29m,action
Anthima Theerpu,7.0, (1.6K),2h 13m,action
Leha,2.3, (42),1h 38m,action
Pushpaka Vimanam,5.6, (17),2h 17m,action
Inexternal,3.2, (26),1h 23m,action
Bad Ass Sista,6.4, (10),1h 20m,action
StarGazer: The Need of the Many,5.0, (12),47m,action
Faster: Only one lap,6.9, (24),1h 30m,action
Surge of Power: Where There's Smoke,5.9, (14),1h 8m,action
Skhvatka,5.2, (23),1h 47m,action
Iddaru,8.7, (297),2h 28m,action
Day of the Diesels,6.1, (12),1h 40m,action
Me and the Dragon's Daughter,4.9, (11),1h 15m,action
Sacrum Vindictae II,4.8, (13),1h 54m,action
Vi possiamo salvare,2.7, (103),1h 29m,action
Kaale Angrej,5.5, (17),2h 11m,action
Xiao zi,3.5, (12),1h 41m,action
Kohinoor,8.1, (22),1h 59m,action
Inherited,9.5, (21),1h 16m,action
Battling to Survive,7.1, (54),1h 14m,action
Abnormal: Buas,5.7, (28),1h 30m,action
Full Clip for a Snitch,3.6, (19),1h 15m,action
Nasha Jurm Aur Gangsters,6.7, (2.8K),2h 17m,action
A Love Story of Assassin,6.9, (60),1h 25m,action
Reeza GTR,6.9, (16),1h 31m,action
Dhil Raja,9.4, (131),1h 46m,action
Mr. Natwarlal,6.1, (781),2h 10m,action
Rudra: The Beginning,9.4, (38),2h 15m,action
Travesty,7.8, (10),1h 18m,action
Slide or Die the Movie,8.3, (9),2h 7m,action
Drunken Swordsman,6.8, (51),1h 31m,action
Snowstorm,4.5, (6),1h 31m,action
Deadzone,4.0, (38),1h 20m,action
Hiranya,5.6, (20),2h 18m,action
Max Beyond,6.6, (18),1h 33m,action
Jurassic Island,7.7, (53),1h 35m,action
Nothing Unusual,8.8, (13),1h 32m,action
Runnin' from Wolves,7.2, (10),2h 13m,action
Guxim,7.2, (37),1h 15m,action
Three Old Captors,7.0, (50),1h 34m,action
Vorovka,4.8, (55),1h 30m,action
Nenu Keerthana,8.9, (2.1K),2h 35m,action
Vhoyal,9.3, (6),2h 18m,action
La Tamalera,8.4, (10),1h 55m,action
La Chakalosa,10.0, (5),1h 36m,action
Too Little Too Late,5.4, (8),1h 6m,action
Happy Dragons,4.9, (9),1h 37m,action
Vey Dharuvey,6.3, (2.3K),2h 7m,action
Blood Vendetta,7.7, (240),1h 30m,action
Artist Unknown,7.9, (21),1h 22m,action
Ohsama Sentai King-Ohger vs. Donbrothers,6.7, (39),26m,action
"Bullets, Brothers and Blood",7.8, (15),1h 25m,action
Revolutionize the World,7.3, (54),1h 18m,action
Gull Lake Vice II: The Delusion Continues,8.1, (18),58m,action
Opasni shmatki,5.1, (36),1h 32m,action
Kyle and the Last Emerald 2,8.4, (9),15m,action
Lie Du,2.5, (7),1h 47m,action
Wilhelm Gustloff,8.7, (9),1h 50m,action
Sathyam,7.3, (10),2h 14m,action
The Correct Way of Youth,9.2, (783),1h 30m,action
The End of Hen,9.7, (10),1h 15m,action
Give Me Babies,6.7, (6),23m,action
Bloodlust,7.8, (13),1h 37m,action
Gintama the Movie 2D: Courtesan of the Nation Arc,8.0, (9),1h 49m,action
Kaveri,6.7, (1.5K),1h 41m,action
The Delegator,4.1, (17),1h 36m,action
Jefa De Jefas,8.4, (10),1h 22m,action
Tranquility: Ghost Stories,7.6, (53),1h 28m,action
Dirty Fellow,6.7, (3.8K),1h 59m,action
Pungut,7.5, (16),1h 40m,action
Big Brother,8.5, (2K),1h 55m,action
Anger,7.7, (18),1h 23m,action
Common Creed: Trafficking,6.6, (13),1h 46m,action
El Cartel De Teresa,8.2, (10),1h 36m,action
Yentha Panichesav Chanti,9.5, (85),2h 15m,action
Joy Hanu Man,8.9, (27),2h 23m,action
The Deal,8.9, (28),2h 10m,action
Break War,2.7, (17),1h 26m,action
Jewish Revenge 6: Gaza in Focus,6.0, (27),1h 10m,action
The Kills,8.8, (9),1h 10m,action
Pithala Maathi,7.5, (846),2h 20m,action
Best Cop Ever,4.5, (51),2h 2m,action
Herencia Llena De Sangre,10.0, (5),1h 33m,action
Atu Nuvve Itu Nuvve,6.5, (12),2h 3m,action
Falsos Amigos,10.0, (5),1h 53m,action
Kyle and the Last Emerald,5.4, (18),20m,action
Bush Knife,7.0, (8),1h 30m,action
Piri Reis: The Incredible Chart,7.0, (27),2h 18m,action
Dangerous Boys 2,5.5, (12),1h 55m,action
The Knights Errant of an Jier,7.2, (54),1h 26m,action
Spider-Man: Dimension Rift,8.4, (14),2h 7m,action
Po du xing dong,6.7, (6),1h 19m,action
Mandya Haida,6.3, (231),2h 19m,action
5 Pounds of Pressure,6.6, (17),1h 51m,action
Speed Fight,6.8, (52),1h 27m,action
Sesh Bazi,6.2, (10),2h 12m,action
Ryding Durty 2,7.8, (5),1h 30m,action
Banana Shotgun,9.7, (6),1h 46m,action
Duelo De Capos,6.3, (40),1h 23m,action
Luna de Hiel,6.0, (30),1h 23m,action
Oversteer,5.2, (19),1h 26m,action
Dhaaak,8.6, (24),2h 8m,action
Urban Vengeance,5.4, (15),1h 19m,action
Raja 420,6.3, (22),1h 21m,action
Janna Endoro,8.1, (16),2h,action
SMB-plush presents trick or death,8.0, (17),2h,action
El Junior Del Patron,7.1, (15),1h 32m,action
Killer Lee,1.9, (9),1h 27m,action
Punish Evil,6.6, (5),1h 25m,action
Rooban,6.5, (277),2h 5m,action
Out of the Shadow,6.5, (7),1h 29m,action
A Reel Heist,5.2, (58),1h 56m,action
Whispers of the Imperial City,6.8, (53),1h 30m,action
Klaantha,6.0, (520),1h 47m,action
The Overseas Killer,6.4, (52),1h 44m,action
Sehnsucht nach Firdaws,8.7, (7),1h 43m,action
They're Here,7.4, (7),1h 14m,action
The Domino File,4.7, (7),1h 42m,action
Jiwa 8 Belas,5.0, (19),1h 26m,action
Siete Vidas - El Levanton,9.6, (5),45m,action
Bloods of Glasgow,8.2, (5),51m,action
"La Protegida, La Película",9.2, (16),1h 7m,action
Combat Code: Hunt,7.7, (20),1h 16m,action
Krapiva: Tsvetok smerti,6.1, (56),1h 21m,action
Riddle of the Shadow Lotus,6.3, (54),1h 32m,action
Gadha17,8.0, (12),1h 30m,action
The Mirage,8.9, (10),1h 46m,action
Bring Back the Colour,6.4, (8),47m,action
The Vent,8.9, (15),3m,action
Mahserin Üç Delisi,5.9, (16),1h 18m,action
Las Hermanas Del Cartel,8.5, (6),1h 31m,action
No Man Standing,8.6, (12),1h 33m,action
Lealtad o Morir,8.4, (10),1h 27m,action
Zen Fist,7.2, (9),45m,action
PW V: Tears of the Fallen,8.2, (11),1h,action
War with the Evil,6.2, (53),1h 25m,action
Action of Intelligenagency,6.7, (52),1h 25m,action
The Winter Prophecy,8.1, (14),52m,action
Oda: Vlucht door de Eeuwen,6.4, (7),1h 42m,action
Captain Superb and the Angel of Destiny,3.0, (14),2h,action
